{
    "Ratio1": 12.203196347031964,
    "Ratio2": 106.52111872146119
}