{
    "Ratio1": 5.576484018264841,
    "Ratio2": 105.71632420091325
}