{
    "Ratio1": 12.54851598173516,
    "Ratio2": 105.9474885844749
}