{
    "Ratio1": 0.3025114155251142,
    "Ratio2": 106.0216894977169
}